timestamp,visitorid,event,item
1433221332117,257597,view,Hornby 00 Gauge 230mm BR Bogie Passenger Brake Coach Model (Red)
1433224214164,257597,addtocart,Hornby Santa's Express Train Set
1433221999827,257597,view,Hornby Gauge Railroad Mosley Tarmacadam Locomotive
1433221955914,257597,transaction,Hornby Santa's Express Train Set
1433221337106,951259,view,Thomas and Friends Take-n-Play Elizabeth
1433224086234,951259,view,Hornby Gauge Railroad Mosley Tarmacadam Locomotive
1433221923240,951259,view,Power Trains Freight Industrial (Pack of 4)
1433223291897,951259,view,Roco 64723 OBB Railjet Economy Coach V
1433220899221,951259,view,Hornby Gauge Railroad Mosley Tarmacadam Locomotive
1433221204592,951259,view,Preiser 30495 Horse Drawn Wedding Coach (Closed)
1433222162373,176446,view,"19"" Inlaid wooden chess board. Alpha numeric No. 5"
1433221701252,176446,view,"Mini Chinese Chess, Xiangqi, Wooden Board, Sandalwood Pieces"
1433224229496,176446,addtocart,12.5 Inch Walnut and Maple Chess Board
1433223697356,176446,view,Chinese Checkers - Solid Maple Wood with Glass Marbles - 11 inch (Made in USA)
1433224078165,176446,addtocart,"Matt Green Chess Board 50cm, 2 Inch Square Size"
1433222531378,176446,transaction,12.5 Inch Walnut and Maple Chess Board
1433223239808,176446,transaction,"Matt Green Chess Board 50cm, 2 Inch Square Size"
1433223236124,287857,view,"Funko POP Movies: Harry Potter - Rubeus Hagrid 6 "" Action Figure"
1433224244282,287857,view,LEGO Ninjago: minifigure Cole (black Ninja) with golden Kendo stick novelty 2015
1433221078505,287857,addtocart,Lego Minifigure - Series 12 - Rock Star - 71007
1433224070841,287857,view,LEGO Indiana Jones: Marion Ravenwood (Red and White Outfit) Minifigure
1433224252461,287857,view,Zombie Zity Mean Mechanic Tow Truck
1433221274809,287857,view,DC Comics Batman Arkham Asylum Harley Quinn Statue
1433221275206,287857,view,Ghostbusters Select Ray Action Figure
1433223203944,287857,view,Game of Thrones: Golden Hand Jaime Lannister
1433224683817,287857,transaction,Lego Minifigure - Series 12 - Rock Star - 71007
1433221373311,781127,view,Hubsan H107C H107D X4 RC Quadcopter Spare Parts Blade Set (Black&white)
1433222147345,781127,view,E-Flite 150mAh 1-Cell 3.7V 25C Li-Po
1433224554732,781127,view,iColourful 2.4G FS-GT2 2CH RC Transmitter and Receiver Radio Model for Car Boat0.
1433221377547,781127,addtocart,RCECHO® RC Model Airplane Neodym Electric Prop 14 x 7 E Aircraft Propeller PE592 with RCECHO® Full Version Apps Edition
1433224266445,781127,view,Track & Wheel Set 70100
1433221380636,781127,transaction,RCECHO® RC Model Airplane Neodym Electric Prop 14 x 7 E Aircraft Propeller PE592 with RCECHO® Full Version Apps Edition
1433221018375,487887,view,New Dolls House Miniature Accessory Perfume Bottle 324
1433223176926,487887,view,2 x MyTinyWorld Dolls House Miniature Ceramic Teapot With Olive Branchs
1433222143427,1130165,view,Hornby Gauge Railroad Mosley Tarmacadam Locomotive
1433224644638,1130165,view,Ty Beanie Baby Charlie Brown with Sound
1433223643340,1130165,view,Bing Coco Plush Toy (Black)
1433223471170,1130165,addtocart,Bing Coco Plush Toy (Black)
1433223159620,784669,view,LEGO Collectable Minifigures: Crash Test Dummy Minifigure (Series 1) (Bagged)
1433222438241,784669,view,LEGO Indiana Jones: Marion Ravenwood (Red and White Outfit) Minifigure
1433224056696,784669,view,Lego Series 15 Minifigures 71011 (Animal Control LEGO Figure (lego series 15 71011))
1433221622167,1342963,view,AOTOP Drone with Camera 2.0M HD camera RC Quadcopter 4 CH 6 Axis Gyro 2.4GHz RC Drone CF Mode 3D Eversion LED Light Headfree One Key Return 3D Roll
1433223776925,1342963,view,Global Gizmos Infrared Remote Control 2-Channel Helicopter (Red)
1433223148655,1342963,view,RCECHO® RC Model Airplane Neodym Electric Prop 14 x 7 E Aircraft Propeller PE592 with RCECHO® Full Version Apps Edition
1433223146605,1282360,addtocart,Gyro Flyer XL Green
1433221051265,1282360,view,Revell 1:350 Scale Battleship Bismarck
1433223785793,1282360,view,iColourful 2.4G FS-GT2 2CH RC Transmitter and Receiver Radio Model for Car Boat0.
1433221172079,1282360,view,GoolRC JJRC H12C RC Part H12C-26 5.0MP HD Camera for JJRC H12C RC Quadcopter
1433223138106,1282360,transaction,Gyro Flyer XL Green
1433223574540,432882,view,Iello Eat Me If You Can! Card Game
1433223790254,432882,addtocart,Iello Eat Me If You Can! Card Game
1433223131380,432882,transaction,Iello Eat Me If You Can! Card Game
1433221169402,180680,view,"Mini Chinese Chess, Xiangqi, Wooden Board, Sandalwood Pieces"
1433224050320,180680,view,"Matt Green Chess Board 50cm, 2 Inch Square Size"
1433222134037,180680,view,Chess Teacher
1433220944616,180680,view,12.5 Inch Walnut and Maple Chess Board
1433221087074,794013,view,Hornby Gauge Railroad Mosley Tarmacadam Locomotive
1433222365385,794013,view,Learning Curve Chuggington Interactive Chatsworth
1433223102457,794013,addtocart,Hornby Gauge Railroad Mosley Tarmacadam Locomotive
1433221411595,794013,view,Bachmann Class A2 60534 'Irish Elegance' BR Lined Green Early Emblem
1433222561588,794013,transaction,Hornby Gauge Railroad Mosley Tarmacadam Locomotive
1433223360663,794013,view,Power Trains Freight Industrial (Pack of 4)
1433224303386,503970,view,New Dolls House Miniature Accessory Perfume Bottle 324
1433223543021,503970,view,Bing Coco Plush Toy (Black)
1433224041294,503970,view,Playmobil - 4046 Road Maintenance Truck
1433223076406,503970,addtocart,Playmobil - 4418 Recycling Truck
1433221422147,503970,view,Ghostbusters Select Ray Action Figure
1433222366959,503970,transaction,Playmobil - 4418 Recycling Truck
1433223067576,794013,view,Marvel Comics - Spider-Man 2099 Pop! Vinyl [Underground Toys Exclusive]
1433222031235,794013,view,LEGO Minifigures Series 9 BATTLEMECH (opened packet)
1433221152282,794013,view,Peppa Pig Holiday Time Ice Cream Van
1433221092368,794013,view,Le Toy Van My Handy Toolbelt
1433223447924,860082,view,Game of Thrones: Golden Hand Jaime Lannister
1433221149711,860082,view,Lego Minifigure - Series 12 - Rock Star - 71007
1433224324329,860082,addtocart,LEGO Ninjago: minifigure Cole (black Ninja) with golden Kendo stick novelty 2015
1433222571026,860082,view,The Avengers Hulk Hands
1433223854839,860082,view,The Zelf's Lil' Figure
1433223855932,860082,transaction,LEGO Ninjago: minifigure Cole (black Ninja) with golden Kendo stick novelty 2015
1433222424790,1059530,view,Funko Pop Star Wars Gamorrean Guard
1433224145724,1059530,view,Funko POP TV: American Horror Story- Season 4 - Pepper Vinyl Figure
1433223587786,1059530,view,Star Cutouts Cut Out of Louis
1433224666941,1059530,view,Marvel Comics - Spider-Man 2099 Pop! Vinyl [Underground Toys Exclusive]
1433223862777,1059530,view,LEGO Collectable Minifigures: Crash Test Dummy Minifigure (Series 1) (Bagged)
1433221237091,233317,view,The Puppet Company Teaching Mitts Five A Day Hand Puppet
1433223866018,233317,view,The Puppet Company - Enchanted Puppets - Onion with Black Rat Hand Puppet
1433223866632,233317,addtocart,White Rabbit Hand Puppet Finger Puppet
1433222046974,233317,view,Hedgehog Hand Puppet
1433223879629,233317,view,Dragon Tellatale Puppet
1433221139773,97140,view,The Puppet Company - Hideaway Puppets - Tree House
1433224498209,97140,view,Funko Pop Star Wars Gamorrean Guard
1433221138230,97140,view,Yellow Duck Hand Puppet Finger Puppet
1433224344626,97140,view,The Puppet Company - Enchanted Puppets - Onion with Black Rat Hand Puppet
1433222980695,97140,view,"Puppet man Ernest 15""/38cm ventriloquist, play, tell stories, educational. moving mouth and hands. Free UK delivery"
1433224471042,202383,view,White Rabbit Hand Puppet Finger Puppet
1433224754197,202383,view,AHK Hand Puppet - Tiger